time,step,valid,ref_x,ref_y,act_x,act_y,err_x,err_y,err_dist,u_x,u_y
0.198,0,1,-9.0,0.0,-0.074,-0.016,-8.926,0.016,8.926,-45,40
0.4027,1,1,-8.97,0.252,-0.109,0.017,-8.861,0.235,8.864,-45,17
0.6039,2,1,-8.94,0.503,-0.297,0.155,-8.643,0.348,8.65,-45,10
0.8043,3,1,-8.91,0.753,-0.544,0.249,-8.366,0.505,8.381,-45,28
1.0176,4,1,-8.88,1.002,-0.794,0.291,-8.085,0.711,8.117,-45,42
1.2087,5,1,-8.85,1.25,-1.036,0.422,-7.814,0.827,7.858,-45,37
1.4163,6,1,-8.82,1.495,-1.318,0.628,-7.501,0.866,7.551,-45,33
1.6253,7,1,-8.79,1.737,-1.565,0.787,-7.225,0.95,7.287,-45,40
1.8167,8,1,-8.76,1.976,-1.824,0.958,-6.936,1.018,7.01,-45,43
2.0248,9,1,-8.73,2.212,-2.099,1.157,-6.631,1.055,6.714,-45,41
2.2436,10,1,-8.699,2.444,-2.463,1.45,-6.236,0.994,6.315,-45,35
2.4458,11,1,-8.669,2.672,-2.693,1.652,-5.976,1.02,6.063,-45,41
2.6458,12,1,-8.639,2.895,-2.959,1.847,-5.68,1.048,5.776,-45,44
2.8478,13,1,-8.609,3.113,-3.21,2.037,-5.399,1.076,5.505,-45,43
3.0506,14,1,-8.579,3.325,-3.47,2.258,-5.109,1.068,5.219,-45,40
3.2484,15,1,-8.549,3.532,-3.711,2.467,-4.838,1.064,4.954,-45,41
3.4473,16,1,-8.519,3.732,-3.959,2.674,-4.561,1.058,4.682,-45,40
3.6484,17,1,-8.489,3.926,-4.155,2.85,-4.334,1.076,4.466,-45,43
3.8501,18,1,-8.459,4.113,-4.297,2.978,-4.162,1.135,4.314,-45,45
4.1367,19,1,-8.429,4.292,-4.446,3.158,-3.983,1.134,4.142,-45,42
4.2551,20,1,-8.399,4.464,-4.597,3.349,-3.802,1.115,3.963,-45,39
4.4636,21,1,-8.369,4.629,-4.822,3.569,-3.547,1.059,3.702,-45,37
4.6706,22,1,-8.339,4.785,-5.032,3.758,-3.307,1.027,3.463,-45,38
4.8626,23,1,-8.309,4.932,-5.281,3.964,-3.028,0.969,3.179,-45,35
5.0708,24,1,-8.279,5.071,-5.51,4.169,-2.769,0.902,2.912,-45,31
5.2759,25,1,-8.249,5.201,-5.738,4.363,-2.511,0.838,2.647,-45,29
5.484,26,1,-8.219,5.322,-5.967,4.551,-2.251,0.771,2.38,-45,26
5.6881,27,1,-8.189,5.434,-6.193,4.727,-1.996,0.707,2.117,-45,23
5.892,28,1,-8.159,5.536,-6.416,4.893,-1.742,0.643,1.857,-45,21
6.0844,29,1,-8.129,5.628,-6.657,5.031,-1.472,0.597,1.588,-38,20
6.2895,30,1,-8.098,5.71,-6.887,5.177,-1.212,0.533,1.324,-29,16
6.4996,31,1,-8.068,5.782,-7.095,5.328,-0.973,0.454,1.074,-22,12
6.7134,32,1,-8.038,5.845,-7.334,5.476,-0.705,0.369,0.795,-11,9
6.8982,33,1,-8.008,5.896,-7.42,5.513,-0.588,0.384,0.702,-18,16
7.1137,34,1,-7.978,5.938,-7.515,5.657,-0.463,0.281,0.541,-12,4
7.3151,35,1,-7.948,5.969,-7.635,5.745,-0.313,0.223,0.385,-2,2
7.5187,36,1,-7.918,5.989,-7.697,5.755,-0.221,0.234,0.322,-5,10
7.714,37,1,-7.888,5.999,-7.711,5.8,-0.177,0.199,0.266,-6,4
7.9186,38,1,-7.858,5.998,-7.77,5.879,-0.088,0.119,0.148,2,-4
8.1174,39,1,-7.828,5.987,-7.787,5.869,-0.041,0.118,0.125,0,2
8.3182,40,1,-7.798,5.965,-7.785,5.868,-0.013,0.097,0.098,-1,1
8.5193,41,1,-7.768,5.933,-7.788,5.88,0.02,0.053,0.056,2,-5
8.7261,42,1,-7.738,5.89,-7.768,5.851,0.031,0.04,0.05,1,-4
8.9341,43,1,-7.708,5.837,-7.766,5.813,0.058,0.025,0.063,2,-4
9.1399,44,1,-7.678,5.774,-7.752,5.768,0.074,0.006,0.075,3,-7
9.3447,45,1,-7.648,5.7,-7.732,5.733,0.084,-0.032,0.09,3,-10
9.5487,46,1,-7.618,5.617,-7.706,5.686,0.088,-0.069,0.112,3,-12
9.7393,47,1,-7.588,5.524,-7.694,5.578,0.107,-0.055,0.12,4,-9
9.9448,48,1,-7.558,5.42,-7.644,5.465,0.087,-0.045,0.098,1,-10
10.1516,49,1,-7.528,5.308,-7.634,5.404,0.107,-0.096,0.144,5,-18
10.3568,50,1,-7.497,5.186,-7.617,5.293,0.119,-0.108,0.161,5,-16
10.5631,51,1,-7.467,5.054,-7.571,5.142,0.103,-0.088,0.136,2,-13
10.7781,52,1,-7.437,4.914,-7.523,4.987,0.086,-0.073,0.112,1,-14
10.9604,53,1,-7.407,4.766,-7.526,4.915,0.119,-0.149,0.191,8,-25
11.1781,54,1,-7.377,4.609,-7.468,4.732,0.09,-0.123,0.153,2,-17
11.383,55,1,-7.347,4.443,-7.417,4.572,0.07,-0.129,0.146,1,-19
11.5841,56,1,-7.317,4.27,-7.41,4.451,0.093,-0.181,0.203,7,-27
11.7851,57,1,-7.287,4.09,-7.376,4.324,0.089,-0.234,0.251,5,-29
11.9823,58,1,-7.257,3.902,-7.325,4.136,0.068,-0.233,0.243,2,-24
12.1825,59,1,-7.227,3.707,-7.293,3.959,0.066,-0.252,0.26,4,-27
12.3844,60,1,-7.197,3.506,-7.261,3.789,0.064,-0.283,0.29,5,-31
12.586,61,1,-7.167,3.299,-7.223,3.604,0.056,-0.305,0.31,3,-31
12.785,62,1,-7.137,3.086,-7.19,3.422,0.054,-0.336,0.34,4,-33
12.9897,63,1,-7.107,2.867,-7.156,3.23,0.049,-0.363,0.366,4,-34
13.1967,64,1,-7.077,2.644,-7.113,3.043,0.036,-0.4,0.401,3,-36
13.4026,65,1,-7.047,2.415,-7.092,2.851,0.045,-0.435,0.438,5,-38
13.6107,66,1,-7.017,2.183,-7.051,2.625,0.034,-0.442,0.444,4,-36
13.8021,67,1,-6.987,1.947,-6.993,2.434,0.006,-0.487,0.487,2,-40
14.0067,68,1,-6.957,1.707,-6.967,2.212,0.011,-0.505,0.505,5,-40
14.2106,69,1,-6.927,1.464,-6.933,1.998,0.007,-0.534,0.534,4,-42
14.4153,70,1,-6.896,1.219,-6.891,1.762,-0.006,-0.543,0.543,3,-41
14.6202,71,1,-6.866,0.971,-6.862,1.541,-0.005,-0.57,0.57,4,-43
14.8298,72,1,-6.836,0.722,-6.831,1.322,-0.005,-0.6,0.6,5,-45
15.0457,73,1,-6.806,0.472,-6.787,1.006,-0.019,-0.535,0.535,2,-37
15.2255,74,1,-6.776,0.22,-6.761,0.851,-0.015,-0.63,0.631,5,-45
15.4447,75,1,-6.746,-0.031,-6.714,0.552,-0.032,-0.584,0.585,4,-41
15.6472,76,1,-6.716,-0.283,-6.704,0.315,-0.012,-0.598,0.598,5,-42
15.8471,77,1,-6.686,-0.534,-6.663,0.098,-0.023,-0.632,0.633,5,-45
16.0489,78,1,-6.656,-0.784,-6.617,-0.145,-0.039,-0.639,0.64,3,-45
16.2485,79,1,-6.626,-1.033,-6.58,-0.389,-0.046,-0.645,0.646,4,-44
16.4516,80,1,-6.596,-1.28,-6.556,-0.626,-0.04,-0.655,0.656,5,-45
16.6529,81,1,-6.566,-1.525,-6.523,-0.867,-0.043,-0.658,0.66,4,-45
16.8509,82,1,-6.536,-1.767,-6.471,-1.101,-0.065,-0.666,0.669,2,-45
17.0543,83,1,-6.506,-2.006,-6.444,-1.363,-0.062,-0.644,0.647,4,-42
17.2578,84,1,-6.476,-2.241,-6.422,-1.601,-0.054,-0.64,0.642,5,-43
17.4658,85,1,-6.446,-2.473,-6.383,-1.84,-0.063,-0.633,0.636,3,-42
17.6698,86,1,-6.416,-2.7,-6.351,-2.091,-0.064,-0.609,0.612,3,-39
17.8778,87,1,-6.386,-2.922,-6.328,-2.31,-0.057,-0.613,0.615,4,-41
18.0858,88,1,-6.356,-3.14,-6.287,-2.539,-0.069,-0.6,0.604,2,-40
18.2957,89,1,-6.326,-3.351,-6.274,-2.748,-0.052,-0.604,0.606,4,-40
18.5116,90,1,-6.295,-3.557,-6.222,-3.027,-0.074,-0.53,0.535,0,-32
18.6918,91,1,-6.265,-3.757,-6.241,-3.173,-0.025,-0.583,0.584,7,-42
18.9102,92,1,-6.235,-3.95,-6.235,-3.398,0.0,-0.552,0.552,7,-36
19.1154,93,1,-6.205,-4.136,-6.164,-3.634,-0.041,-0.502,0.504,-2,-29
19.3165,94,1,-6.175,-4.314,-6.153,-3.839,-0.022,-0.475,0.476,4,-31
19.5204,95,1,-6.145,-4.485,-6.143,-3.997,-0.002,-0.488,0.488,6,-35
19.7147,96,1,-6.115,-4.649,-6.082,-4.184,-0.033,-0.464,0.466,0,-30
19.9154,97,1,-6.085,-4.804,-6.057,-4.401,-0.028,-0.403,0.403,1,-23
20.1181,98,1,-6.055,-4.95,-6.045,-4.583,-0.011,-0.368,0.368,4,-25
20.3192,99,1,-6.025,-5.088,-6.02,-4.743,-0.005,-0.345,0.345,3,-25
20.5345,100,1,-5.995,-5.217,-5.981,-4.906,-0.014,-0.311,0.311,1,-21
20.7424,101,1,-5.965,-5.337,-5.958,-5.067,-0.007,-0.269,0.269,2,-18
20.9506,102,1,-5.935,-5.447,-5.946,-5.216,0.011,-0.231,0.232,3,-17
21.1562,103,1,-5.905,-5.548,-5.92,-5.356,0.015,-0.192,0.192,2,-15
21.3487,104,1,-5.875,-5.639,-5.889,-5.449,0.014,-0.19,0.191,1,-16
21.5567,105,1,-5.845,-5.72,-5.869,-5.597,0.024,-0.123,0.125,2,-8
21.7775,106,1,-5.815,-5.791,-5.853,-5.743,0.038,-0.048,0.061,2,-3
21.9788,107,1,-5.785,-5.852,-5.84,-5.773,0.055,-0.078,0.096,4,-13
22.1639,108,1,-5.755,-5.902,-5.815,-5.804,0.06,-0.098,0.115,3,-12
22.3784,109,1,-5.725,-5.942,-5.77,-5.944,0.046,0.002,0.046,-1,4
22.5824,110,1,-5.694,-5.972,-5.773,-5.968,0.079,-0.003,0.079,5,-4
22.7868,111,1,-5.664,-5.991,-5.746,-5.974,0.082,-0.017,0.083,4,-7
22.9816,112,1,-5.634,-5.999,-5.691,-6.013,0.057,0.014,0.059,-1,1
23.1808,113,1,-5.604,-5.998,-5.689,-6.033,0.085,0.036,0.092,4,2
23.3835,114,1,-5.574,-5.985,-5.652,-6.009,0.078,0.024,0.082,3,-1
23.5849,115,1,-5.544,-5.962,-5.644,-5.994,0.1,0.033,0.105,4,2
23.7859,116,1,-5.514,-5.928,-5.605,-5.975,0.091,0.047,0.103,2,4
23.9884,117,1,-5.484,-5.884,-5.586,-5.94,0.102,0.056,0.116,3,5
24.1943,118,1,-5.454,-5.83,-5.557,-5.895,0.103,0.065,0.122,3,6
24.4013,119,1,-5.424,-5.765,-5.529,-5.844,0.105,0.079,0.131,3,7
24.6074,120,1,-5.394,-5.691,-5.5,-5.778,0.106,0.087,0.137,3,8
24.8135,121,1,-5.364,-5.606,-5.483,-5.73,0.12,0.124,0.172,4,12
25.0058,122,1,-5.334,-5.511,-5.435,-5.629,0.101,0.118,0.156,1,10
25.209,123,1,-5.304,-5.407,-5.424,-5.535,0.12,0.128,0.175,5,12
25.4149,124,1,-5.274,-5.293,-5.389,-5.459,0.115,0.166,0.202,3,17
25.6227,125,1,-5.244,-5.17,-5.365,-5.312,0.121,0.143,0.187,4,12
25.829,126,1,-5.214,-5.037,-5.326,-5.187,0.112,0.149,0.187,3,15
26.0204,127,1,-5.184,-4.896,-5.307,-5.126,0.123,0.229,0.26,3,25
26.2291,128,1,-5.154,-4.747,-5.28,-4.998,0.126,0.251,0.281,3,22
26.4438,129,1,-5.124,-4.588,-5.242,-4.748,0.118,0.159,0.198,4,12
26.6478,130,1,-5.093,-4.422,-5.199,-4.618,0.105,0.195,0.222,2,22
26.8476,131,1,-5.063,-4.248,-5.194,-4.487,0.131,0.239,0.273,5,28
27.0483,132,1,-5.033,-4.067,-5.158,-4.308,0.124,0.241,0.271,3,23
27.2475,133,1,-5.003,-3.878,-5.117,-4.14,0.114,0.262,0.285,2,25
27.4509,134,1,-4.973,-3.683,-5.1,-3.989,0.127,0.306,0.332,4,30
27.6462,135,1,-4.943,-3.481,-5.075,-3.795,0.131,0.315,0.341,4,28
27.8506,136,1,-4.913,-3.273,-5.027,-3.62,0.114,0.348,0.366,1,31
28.0519,137,1,-4.883,-3.059,-5.027,-3.45,0.144,0.391,0.417,5,35
28.2626,138,1,-4.853,-2.84,-4.994,-3.228,0.141,0.389,0.414,3,32
28.4681,139,1,-4.823,-2.615,-4.966,-3.033,0.143,0.418,0.442,3,36
28.6728,140,1,-4.793,-2.387,-4.951,-2.844,0.158,0.457,0.484,4,39
28.878,141,1,-4.763,-2.154,-4.909,-2.613,0.146,0.46,0.482,2,37
29.086,142,1,-4.733,-1.917,-4.901,-2.386,0.168,0.469,0.498,5,38
29.2965,143,1,-4.703,-1.677,-4.885,-2.152,0.182,0.475,0.509,5,40
29.5108,144,1,-4.673,-1.434,-4.807,-1.866,0.134,0.432,0.453,-1,36
29.693,145,1,-4.643,-1.188,-4.815,-1.719,0.172,0.531,0.558,6,45
29.9106,146,1,-4.613,-0.94,-4.782,-1.4,0.169,0.46,0.49,4,37
30.1133,147,1,-4.583,-0.691,-4.75,-1.157,0.167,0.467,0.496,3,39
30.313,148,1,-4.553,-0.44,-4.711,-0.95,0.159,0.51,0.534,1,45
30.5134,149,1,-4.523,-0.189,-4.698,-0.716,0.176,0.528,0.556,5,43
30.7143,150,1,-4.492,0.063,-4.681,-0.462,0.189,0.525,0.558,5,42
30.9153,151,1,-4.462,0.315,-4.638,-0.229,0.175,0.544,0.572,2,44
31.1192,152,1,-4.432,0.566,-4.589,0.009,0.157,0.557,0.579,1,44
31.3169,153,1,-4.402,0.816,-4.583,0.25,0.181,0.566,0.594,6,44
31.5221,154,1,-4.372,1.064,-4.547,0.466,0.175,0.598,0.623,3,45
31.7291,155,1,-4.342,1.311,-4.509,0.7,0.167,0.611,0.633,2,45
31.9363,156,1,-4.312,1.555,-4.491,0.92,0.179,0.636,0.66,4,45
32.1282,157,1,-4.282,1.797,-4.471,1.16,0.189,0.638,0.665,5,45
32.3357,158,1,-4.252,2.036,-4.438,1.379,0.185,0.657,0.683,3,45
32.542,159,1,-4.222,2.271,-4.409,1.613,0.187,0.658,0.683,4,44
32.7479,160,1,-4.192,2.502,-4.403,1.841,0.211,0.661,0.694,7,44
32.9422,161,1,-4.162,2.728,-4.402,2.103,0.24,0.625,0.669,8,40
33.149,162,1,-4.132,2.95,-4.349,2.333,0.217,0.617,0.654,3,41
33.3477,163,1,-4.102,3.166,-4.278,2.542,0.176,0.625,0.649,0,42
33.5777,164,1,-4.072,3.377,-4.225,2.742,0.153,0.635,0.654,2,41
33.7536,165,1,-4.042,3.582,-4.232,2.883,0.191,0.699,0.725,8,45
33.9569,166,1,-4.012,3.781,-4.164,3.079,0.152,0.702,0.718,1,41
34.1768,167,1,-3.982,3.973,-4.091,3.383,0.109,0.59,0.6,0,30
34.3654,168,1,-3.952,4.158,-4.08,3.518,0.129,0.64,0.653,5,43
34.5784,169,1,-3.922,4.336,-4.041,3.769,0.12,0.567,0.579,3,33
34.7814,170,1,-3.891,4.506,-4.0,4.0,0.109,0.507,0.518,3,27
34.9815,171,1,-3.861,4.668,-3.974,4.177,0.113,0.491,0.504,4,32
35.1826,172,1,-3.831,4.822,-3.934,4.356,0.102,0.467,0.478,3,29
35.3852,173,1,-3.801,4.968,-3.909,4.545,0.108,0.423,0.436,4,24
35.584,174,1,-3.771,5.105,-3.868,4.723,0.097,0.382,0.394,3,22
35.7966,175,1,-3.741,5.232,-3.845,4.874,0.103,0.358,0.373,4,22
35.9875,176,1,-3.711,5.351,-3.798,5.014,0.087,0.337,0.348,2,20
36.1907,177,1,-3.681,5.46,-3.773,5.173,0.092,0.287,0.301,4,15
36.3961,178,1,-3.651,5.56,-3.737,5.312,0.086,0.247,0.262,4,13
36.6044,179,1,-3.621,5.649,-3.696,5.434,0.075,0.215,0.228,2,12
36.8095,180,1,-3.591,5.729,-3.66,5.546,0.069,0.183,0.195,3,10
37.0157,181,1,-3.561,5.799,-3.631,5.653,0.07,0.146,0.162,4,7
37.2217,182,1,-3.531,5.858,-3.595,5.714,0.064,0.144,0.158,3,9
37.4256,183,1,-3.501,5.908,-3.552,5.778,0.051,0.13,0.14,2,6
37.6465,184,1,-3.471,5.946,-3.531,5.898,0.061,0.048,0.077,5,-3
37.8451,185,1,-3.441,5.975,-3.484,5.902,0.043,0.073,0.085,1,5
38.0469,186,1,-3.411,5.993,-3.466,5.93,0.056,0.063,0.084,3,3
38.2473,187,1,-3.381,6.0,-3.449,5.966,0.069,0.034,0.077,6,-3
38.4471,188,1,-3.351,5.997,-3.393,5.965,0.042,0.032,0.053,1,-1
38.6449,189,1,-3.321,5.983,-3.368,5.945,0.047,0.038,0.06,3,-1
38.8487,190,1,-3.29,5.958,-3.356,5.939,0.066,0.02,0.068,6,-5
39.0507,191,1,-3.26,5.923,-3.313,5.912,0.053,0.011,0.054,3,-5
39.2561,192,1,-3.23,5.878,-3.275,5.861,0.045,0.017,0.048,2,-4
39.4633,193,1,-3.2,5.822,-3.258,5.814,0.058,0.009,0.059,5,-7
39.6596,194,1,-3.17,5.757,-3.229,5.773,0.059,-0.016,0.061,5,-10
39.868,195,1,-3.14,5.681,-3.171,5.726,0.031,-0.045,0.055,1,-12
40.0669,196,1,-3.11,5.594,-3.147,5.615,0.036,-0.021,0.042,4,-7
40.2737,197,1,-3.08,5.499,-3.106,5.526,0.026,-0.028,0.038,3,-11
40.4808,198,1,-3.05,5.393,-3.095,5.466,0.045,-0.073,0.086,6,-17
40.6838,199,1,-3.02,5.278,-3.061,5.355,0.041,-0.077,0.087,4,-15
40.8897,200,1,-2.99,5.154,-3.001,5.208,0.011,-0.055,0.056,0,-12
41.0842,201,1,-2.96,5.02,-2.982,5.101,0.022,-0.081,0.084,5,-18
41.3089,202,1,-2.93,4.878,-2.94,4.95,0.01,-0.072,0.073,3,-17
41.4896,203,1,-2.9,4.727,-2.922,4.856,0.022,-0.128,0.13,5,-23
41.6945,204,1,-2.87,4.568,-2.881,4.72,0.011,-0.152,0.152,4,-23
41.9107,205,1,-2.84,4.401,-2.829,4.507,-0.011,-0.106,0.106,0,-16
42.1124,206,1,-2.81,4.226,-2.827,4.358,0.017,-0.132,0.133,6,-23
42.3178,207,1,-2.78,4.044,-2.794,4.239,0.015,-0.195,0.196,6,-30
42.5118,208,1,-2.75,3.854,-2.748,4.083,-0.001,-0.229,0.229,2,-28
42.717,209,1,-2.72,3.658,-2.739,3.916,0.02,-0.258,0.259,6,-28
42.9317,210,1,-2.689,3.455,-2.732,3.811,0.042,-0.356,0.359,9,-38
43.1215,211,1,-2.659,3.246,-2.639,3.582,-0.021,-0.336,0.336,-2,-30
43.3173,212,1,-2.629,3.032,-2.604,3.371,-0.025,-0.339,0.34,2,-31
43.52,213,1,-2.599,2.812,-2.629,3.219,0.03,-0.407,0.408,12,-41
43.725,214,1,-2.569,2.587,-2.604,3.063,0.035,-0.476,0.477,7,-43
43.9297,215,1,-2.539,2.358,-2.504,2.83,-0.035,-0.472,0.474,-3,-37
44.1358,216,1,-2.509,2.124,-2.505,2.624,-0.004,-0.5,0.5,7,-40
44.3434,217,1,-2.479,1.887,-2.508,2.484,0.029,-0.597,0.598,11,-45
44.5477,218,1,-2.449,1.646,-2.465,2.282,0.016,-0.635,0.635,4,-45
44.7398,219,1,-2.419,1.403,-2.361,2.042,-0.058,-0.639,0.642,-4,-44
44.9458,220,1,-2.389,1.157,-2.361,1.818,-0.028,-0.661,0.661,7,-45
45.1504,221,1,-2.359,0.909,-2.333,1.599,-0.026,-0.69,0.691,7,-45
45.3593,222,1,-2.329,0.66,-2.279,1.377,-0.05,-0.717,0.719,1,-45
45.5768,223,1,-2.299,0.409,-2.207,1.079,-0.091,-0.67,0.676,-2,-45
45.756,224,1,-2.269,0.157,-2.212,0.939,-0.057,-0.782,0.784,8,-45
45.9622,225,1,-2.239,-0.094,-2.169,0.704,-0.069,-0.799,0.802,4,-45
46.1817,226,1,-2.209,-0.346,-2.076,0.441,-0.133,-0.787,0.798,-6,-45
46.3843,227,1,-2.179,-0.597,-2.082,0.214,-0.097,-0.811,0.817,6,-45
46.584,228,1,-2.149,-0.847,-2.057,0.005,-0.091,-0.852,0.856,5,-45
46.7775,229,1,-2.119,-1.095,-2.0,-0.236,-0.118,-0.86,0.868,-1,-45
46.9795,230,1,-2.088,-1.342,-1.977,-0.456,-0.111,-0.885,0.892,2,-45
47.1829,231,1,-2.058,-1.586,-1.959,-0.671,-0.099,-0.915,0.92,5,-45
47.3848,232,1,-2.028,-1.827,-1.92,-0.915,-0.109,-0.912,0.919,1,-45
47.5845,233,1,-1.998,-2.065,-1.878,-1.153,-0.121,-0.912,0.92,1,-45
47.7851,234,1,-1.968,-2.3,-1.863,-1.397,-0.105,-0.903,0.909,4,-45
47.9916,235,1,-1.938,-2.53,-1.814,-1.63,-0.125,-0.9,0.908,1,-45
48.1991,236,1,-1.908,-2.756,-1.794,-1.84,-0.115,-0.916,0.923,3,-45
48.4031,237,1,-1.878,-2.977,-1.765,-2.078,-0.113,-0.9,0.907,3,-45
48.6088,238,1,-1.848,-3.193,-1.726,-2.275,-0.122,-0.918,0.927,1,-45
48.8007,239,1,-1.818,-3.403,-1.691,-2.511,-0.127,-0.892,0.901,1,-45
49.0068,240,1,-1.788,-3.608,-1.668,-2.741,-0.12,-0.867,0.875,2,-45
49.214,241,1,-1.758,-3.806,-1.642,-2.959,-0.116,-0.847,0.855,3,-45
49.4211,242,1,-1.728,-3.997,-1.616,-3.19,-0.112,-0.806,0.814,2,-43
49.6228,243,1,-1.698,-4.181,-1.57,-3.42,-0.128,-0.761,0.771,0,-40
49.8281,244,1,-1.668,-4.358,-1.549,-3.646,-0.119,-0.712,0.722,2,-38
50.0203,245,1,-1.638,-4.527,-1.524,-3.848,-0.114,-0.679,0.689,2,-38
50.2274,246,1,-1.608,-4.688,-1.49,-4.076,-0.118,-0.612,0.623,0,-32
50.4426,247,1,-1.578,-4.841,-1.475,-4.34,-0.103,-0.501,0.511,1,-24
50.6455,248,1,-1.548,-4.986,-1.447,-4.532,-0.1,-0.453,0.464,2,-27
50.8483,249,1,-1.518,-5.121,-1.42,-4.682,-0.098,-0.439,0.45,2,-29
51.0457,250,1,-1.487,-5.248,-1.389,-4.849,-0.098,-0.399,0.411,1,-24
51.2451,251,1,-1.457,-5.365,-1.368,-5.046,-0.089,-0.319,0.331,1,-16
51.4503,252,1,-1.427,-5.473,-1.346,-5.191,-0.082,-0.282,0.293,1,-18
51.6489,253,1,-1.397,-5.571,-1.328,-5.313,-0.069,-0.259,0.268,2,-19
51.8474,254,1,-1.367,-5.66,-1.295,-5.448,-0.072,-0.212,0.224,0,-13
52.051,255,1,-1.337,-5.738,-1.278,-5.586,-0.06,-0.153,0.164,1,-9
52.2575,256,1,-1.307,-5.807,-1.273,-5.683,-0.034,-0.124,0.129,3,-10
52.4663,257,1,-1.277,-5.865,-1.239,-5.728,-0.039,-0.137,0.142,1,-13
52.6716,258,1,-1.247,-5.913,-1.211,-5.845,-0.037,-0.068,0.077,0,-3
52.8752,259,1,-1.217,-5.951,-1.208,-5.926,-0.009,-0.025,0.026,3,-2
53.0676,260,1,-1.187,-5.978,-1.188,-5.958,0.001,-0.019,0.02,3,-6
53.2753,261,1,-1.157,-5.994,-1.146,-6.001,-0.011,0.007,0.013,-1,-1
53.4823,262,1,-1.127,-6.0,-1.135,-6.035,0.008,0.035,0.036,2,2
53.6883,263,1,-1.097,-5.995,-1.128,-6.025,0.032,0.03,0.043,4,-1
53.8905,264,1,-1.067,-5.98,-1.091,-6.018,0.024,0.038,0.045,1,1
54.0816,265,1,-1.037,-5.954,-1.073,-6.009,0.037,0.055,0.066,2,4
54.2875,266,1,-1.007,-5.918,-1.067,-5.987,0.061,0.068,0.091,5,5
54.4944,267,1,-0.977,-5.872,-1.024,-5.943,0.047,0.072,0.086,1,5
54.7112,268,1,-0.947,-5.815,-0.993,-5.887,0.047,0.073,0.086,2,6
54.9121,269,1,-0.917,-5.748,-0.983,-5.835,0.067,0.087,0.11,5,8
55.1112,270,1,-0.886,-5.67,-0.948,-5.762,0.061,0.092,0.111,2,9
55.3121,271,1,-0.856,-5.583,-0.926,-5.709,0.07,0.126,0.144,3,13
55.5182,272,1,-0.826,-5.486,-0.901,-5.593,0.075,0.107,0.13,4,9
55.7198,273,1,-0.796,-5.379,-0.865,-5.494,0.069,0.115,0.134,3,12
55.9164,274,1,-0.766,-5.263,-0.844,-5.438,0.078,0.175,0.192,3,20
56.1168,275,1,-0.736,-5.138,-0.817,-5.295,0.081,0.158,0.177,4,14
56.3165,276,1,-0.706,-5.003,-0.776,-5.168,0.07,0.165,0.179,2,16
56.5193,277,1,-0.676,-4.86,-0.76,-5.049,0.084,0.189,0.207,4,20
56.7264,278,1,-0.646,-4.708,-0.724,-4.939,0.078,0.231,0.244,2,23
56.9325,279,1,-0.616,-4.548,-0.711,-4.8,0.095,0.252,0.27,4,23
57.1362,280,1,-0.586,-4.379,-0.68,-4.623,0.094,0.244,0.261,3,22
57.3425,281,1,-0.556,-4.204,-0.669,-4.484,0.113,0.281,0.303,4,28
57.5494,282,1,-0.526,-4.02,-0.638,-4.315,0.112,0.294,0.315,3,28
57.7398,283,1,-0.496,-3.83,-0.623,-4.131,0.128,0.301,0.327,5,28
57.9463,284,1,-0.466,-3.633,-0.594,-3.957,0.129,0.324,0.348,3,31
58.1504,285,1,-0.436,-3.429,-0.569,-3.775,0.133,0.346,0.37,3,33
58.3599,286,1,-0.406,-3.22,-0.551,-3.602,0.146,0.382,0.409,4,36
58.5766,287,1,-0.376,-3.005,-0.523,-3.331,0.147,0.327,0.358,4,30
58.7552,288,1,-0.346,-2.784,-0.513,-3.213,0.167,0.429,0.46,5,44
58.9587,289,1,-0.316,-2.559,-0.463,-3.04,0.148,0.481,0.503,1,45
59.1782,290,1,-0.285,-2.329,-0.449,-2.72,0.164,0.391,0.424,6,31
59.3792,291,1,-0.255,-2.095,-0.419,-2.513,0.164,0.418,0.449,4,40
59.5777,292,1,-0.225,-1.857,-0.38,-2.331,0.154,0.474,0.498,2,45
59.7861,293,1,-0.195,-1.616,-0.372,-2.094,0.176,0.477,0.509,5,42
59.9803,294,1,-0.165,-1.372,-0.346,-1.879,0.181,0.506,0.538,4,44
60.1795,295,1,-0.135,-1.126,-0.318,-1.624,0.182,0.498,0.531,3,43
60.3834,296,1,-0.105,-0.878,-0.309,-1.39,0.204,0.512,0.551,5,44
60.5863,297,1,-0.075,-0.628,-0.274,-1.166,0.199,0.537,0.573,3,45
60.7864,298,1,-0.045,-0.377,-0.254,-0.932,0.209,0.555,0.593,4,45
60.9887,299,1,-0.015,-0.126,-0.227,-0.701,0.212,0.576,0.614,4,45
61.2045,300,1,0.015,0.126,-0.202,-0.479,0.217,0.605,0.642,4,45
61.3964,301,1,0.045,0.377,-0.169,-0.265,0.214,0.643,0.677,3,45
61.5982,302,1,0.075,0.628,-0.16,-0.009,0.235,0.637,0.679,6,45
61.8154,303,1,0.105,0.878,-0.113,0.19,0.218,0.688,0.722,2,45
62.0213,304,1,0.135,1.126,-0.075,0.407,0.21,0.719,0.749,2,45
62.2282,305,1,0.165,1.372,-0.07,0.628,0.235,0.744,0.781,7,45
62.4439,306,1,0.195,1.616,-0.042,0.94,0.238,0.676,0.716,5,45
62.646,307,1,0.225,1.857,-0.005,1.145,0.23,0.712,0.748,3,45
62.848,308,1,0.255,2.095,0.018,1.388,0.237,0.707,0.746,4,45
63.0475,309,1,0.285,2.329,0.046,1.597,0.239,0.731,0.77,5,45
63.2533,310,1,0.316,2.559,0.062,1.845,0.253,0.714,0.757,6,45
63.4445,311,1,0.346,2.784,0.103,2.081,0.243,0.703,0.744,4,45
63.6483,312,1,0.376,3.005,0.138,2.326,0.238,0.679,0.719,4,45
63.8504,313,1,0.406,3.22,0.167,2.559,0.239,0.661,0.703,5,43
64.0535,314,1,0.436,3.429,0.176,2.8,0.259,0.629,0.681,7,41
64.2547,315,1,0.466,3.633,0.217,3.012,0.249,0.621,0.669,4,41
64.4605,316,1,0.496,3.83,0.242,3.221,0.254,0.608,0.659,5,39
64.6674,317,1,0.526,4.02,0.274,3.449,0.252,0.571,0.624,6,35
64.8755,318,1,0.556,4.204,0.302,3.653,0.254,0.55,0.606,6,34
65.067,319,1,0.586,4.379,0.335,3.864,0.251,0.515,0.573,6,32
65.271,320,1,0.616,4.548,0.378,4.062,0.238,0.486,0.541,5,29
65.4764,321,1,0.646,4.708,0.418,4.258,0.228,0.45,0.505,5,27
65.6835,322,1,0.676,4.86,0.44,4.431,0.236,0.428,0.489,8,26
65.8894,323,1,0.706,5.003,0.463,4.576,0.243,0.427,0.492,8,27
66.0818,324,1,0.736,5.138,0.502,4.749,0.234,0.388,0.453,6,21
66.288,325,1,0.766,5.263,0.57,4.918,0.196,0.345,0.397,3,18
66.5085,326,1,0.796,5.379,0.607,5.11,0.189,0.269,0.329,6,13
66.7112,327,1,0.826,5.486,0.652,5.237,0.174,0.249,0.304,6,15
66.9112,328,1,0.856,5.583,0.695,5.351,0.161,0.232,0.282,5,15
67.1121,329,1,0.886,5.67,0.739,5.469,0.147,0.201,0.249,5,10
67.3153,330,1,0.917,5.748,0.776,5.574,0.141,0.173,0.223,5,8
67.5147,331,1,0.947,5.815,0.825,5.641,0.122,0.173,0.212,3,10
67.7162,332,1,0.977,5.872,0.854,5.709,0.123,0.163,0.204,5,8
67.9167,333,1,1.007,5.918,0.878,5.81,0.128,0.108,0.168,6,1
68.1169,334,1,1.037,5.954,0.932,5.853,0.105,0.102,0.146,3,4
68.318,335,1,1.067,5.98,0.975,5.881,0.092,0.1,0.136,3,4
68.5197,336,1,1.097,5.995,1.001,5.923,0.096,0.073,0.12,5,-1
68.7279,337,1,1.127,6.0,1.048,5.921,0.078,0.079,0.111,3,1
68.9368,338,1,1.157,5.994,1.085,5.924,0.072,0.07,0.1,3,-1
69.1422,339,1,1.187,5.978,1.119,5.932,0.068,0.045,0.082,4,-5
69.3316,340,1,1.217,5.951,1.165,5.896,0.052,0.055,0.076,2,-2
69.5389,341,1,1.247,5.913,1.196,5.866,0.051,0.047,0.069,3,-4
69.7387,342,1,1.277,5.865,1.23,5.827,0.047,0.038,0.061,3,-7
69.9507,343,1,1.307,5.807,1.26,5.786,0.047,0.021,0.051,3,-8
70.1571,344,1,1.337,5.738,1.307,5.747,0.03,-0.009,0.031,2,-11
70.3496,345,1,1.367,5.66,1.351,5.642,0.017,0.018,0.024,1,-6
70.5543,346,1,1.397,5.571,1.362,5.576,0.036,-0.004,0.036,5,-12
70.7757,347,1,1.427,5.473,1.415,5.488,0.013,-0.015,0.02,1,-13
70.9798,348,1,1.457,5.365,1.446,5.373,0.012,-0.008,0.014,1,-11
71.1786,349,1,1.487,5.248,1.47,5.263,0.017,-0.015,0.023,3,-13
71.3783,350,1,1.518,5.121,1.493,5.203,0.025,-0.082,0.086,5,-22
71.5819,351,1,1.548,4.986,1.556,5.072,-0.009,-0.086,0.087,-1,-17
71.7776,352,1,1.578,4.841,1.59,4.927,-0.013,-0.086,0.087,1,-16
71.9805,353,1,1.608,4.688,1.606,4.799,0.002,-0.111,0.111,5,-21
72.1812,354,1,1.638,4.527,1.649,4.659,-0.012,-0.132,0.132,2,-23
72.3829,355,1,1.668,4.358,1.707,4.507,-0.04,-0.149,0.154,-1,-23
72.5835,356,1,1.698,4.181,1.721,4.367,-0.024,-0.186,0.187,4,-26
72.7879,357,1,1.728,3.997,1.763,4.215,-0.035,-0.218,0.221,2,-28
72.9949,358,1,1.758,3.806,1.811,4.044,-0.053,-0.238,0.244,-1,-28
73.1989,359,1,1.788,3.608,1.832,3.87,-0.044,-0.262,0.266,3,-30
73.4071,360,1,1.818,3.403,1.864,3.707,-0.046,-0.303,0.307,3,-33
73.5993,361,1,1.848,3.193,1.926,3.528,-0.078,-0.335,0.344,-2,-34
73.8049,362,1,1.878,2.977,1.932,3.33,-0.054,-0.353,0.357,4,-34
74.0099,363,1,1.908,2.756,1.985,3.144,-0.077,-0.388,0.396,0,-37
74.215,364,1,1.938,2.53,2.001,2.954,-0.063,-0.424,0.429,3,-39
74.4219,365,1,1.968,2.3,2.067,2.739,-0.099,-0.439,0.45,-2,-38
74.6215,366,1,1.998,2.065,2.074,2.537,-0.075,-0.471,0.477,4,-40
74.8209,367,1,2.028,1.827,2.125,2.323,-0.096,-0.496,0.505,0,-41
75.0214,368,1,2.058,1.586,2.17,2.099,-0.112,-0.513,0.525,-1,-42
75.2267,369,1,2.088,1.342,2.191,1.894,-0.102,-0.552,0.562,3,-45
75.4461,370,1,2.119,1.095,2.239,1.581,-0.12,-0.486,0.501,-1,-37
75.6445,371,1,2.149,0.847,2.265,1.365,-0.116,-0.518,0.531,1,-43
75.8447,372,1,2.179,0.597,2.29,1.173,-0.112,-0.576,0.587,4,-45
76.0461,373,1,2.209,0.346,2.344,0.97,-0.136,-0.624,0.639,-1,-45
76.2464,374,1,2.239,0.094,2.343,0.799,-0.105,-0.705,0.712,4,-45
76.4439,375,1,2.269,-0.157,2.392,0.592,-0.124,-0.749,0.759,0,-45
76.6504,376,1,2.299,-0.409,2.417,0.384,-0.118,-0.793,0.801,1,-45
76.8494,377,1,2.329,-0.66,2.444,0.157,-0.115,-0.817,0.825,2,-45
77.0627,378,1,2.359,-0.909,2.484,-0.075,-0.125,-0.834,0.844,0,-45
77.2546,379,1,2.389,-1.157,2.512,-0.282,-0.123,-0.875,0.883,2,-45
77.4623,380,1,2.419,-1.403,2.55,-0.535,-0.131,-0.868,0.878,1,-45
77.6691,381,1,2.449,-1.646,2.588,-0.764,-0.139,-0.882,0.893,0,-45
77.8763,382,1,2.479,-1.887,2.606,-0.998,-0.127,-0.889,0.898,3,-45
78.0686,383,1,2.509,-2.124,2.628,-1.23,-0.119,-0.894,0.902,2,-45
78.2759,384,1,2.539,-2.358,2.702,-1.415,-0.163,-0.943,0.957,-3,-45
78.4834,385,1,2.569,-2.587,2.728,-1.652,-0.159,-0.935,0.948,0,-45
78.6924,386,1,2.599,-2.812,2.748,-1.859,-0.149,-0.953,0.964,2,-45
78.8817,387,1,2.629,-3.032,2.743,-2.084,-0.114,-0.948,0.954,5,-45
79.0876,388,1,2.659,-3.246,2.819,-2.326,-0.16,-0.921,0.934,-5,-45
79.3066,389,1,2.689,-3.455,2.833,-2.655,-0.143,-0.8,0.813,0,-41
79.5114,390,1,2.72,-3.658,2.835,-2.897,-0.116,-0.761,0.769,4,-44
79.7109,391,1,2.75,-3.854,2.887,-3.108,-0.137,-0.746,0.759,0,-45
79.9099,392,1,2.78,-4.044,2.912,-3.341,-0.132,-0.703,0.715,0,-39
80.1113,393,1,2.81,-4.226,2.934,-3.56,-0.124,-0.665,0.677,2,-37
80.312,394,1,2.84,-4.401,2.963,-3.791,-0.123,-0.609,0.622,0,-33
80.5116,395,1,2.87,-4.568,2.996,-3.987,-0.126,-0.581,0.594,0,-33
80.715,396,1,2.9,-4.727,3.014,-4.188,-0.114,-0.539,0.551,1,-31
80.9152,397,1,2.93,-4.878,3.031,-4.396,-0.101,-0.482,0.493,1,-26
81.1148,398,1,2.96,-5.02,3.057,-4.571,-0.097,-0.449,0.46,0,-26
81.3164,399,1,2.99,-5.154,3.078,-4.759,-0.088,-0.395,0.405,1,-23
81.5273,400,1,3.02,-5.278,3.1,-4.922,-0.08,-0.356,0.365,1,-21
81.7324,401,1,3.05,-5.393,3.121,-5.064,-0.071,-0.329,0.336,1,-21
81.9376,402,1,3.08,-5.499,3.15,-5.219,-0.07,-0.28,0.288,0,-16
82.1417,403,1,3.11,-5.594,3.164,-5.359,-0.054,-0.235,0.241,1,-14
82.3321,404,1,3.14,-5.681,3.177,-5.474,-0.037,-0.207,0.21,2,-14
82.5396,405,1,3.17,-5.757,3.205,-5.592,-0.035,-0.164,0.168,1,-11
82.7464,406,1,3.2,-5.822,3.237,-5.711,-0.036,-0.111,0.117,0,-7
82.9532,407,1,3.23,-5.878,3.238,-5.785,-0.007,-0.093,0.093,4,-9
83.1583,408,1,3.26,-5.923,3.275,-5.847,-0.015,-0.076,0.078,1,-8
83.3466,409,1,3.29,-5.958,3.302,-5.939,-0.012,-0.019,0.023,0,-1
83.5541,410,1,3.321,-5.983,3.316,-5.983,0.005,0.0,0.005,3,-2
83.7591,411,1,3.351,-5.997,3.337,-6.001,0.014,0.004,0.014,3,-4
83.9757,412,1,3.381,-6.0,3.384,-6.043,-0.004,0.044,0.044,-1,3
84.1772,413,1,3.411,-5.993,3.38,-6.034,0.031,0.041,0.052,5,0
84.3782,414,1,3.441,-5.975,3.408,-6.032,0.033,0.057,0.066,3,2
84.5794,415,1,3.471,-5.946,3.461,-6.013,0.01,0.066,0.067,-1,4
84.7776,416,1,3.501,-5.908,3.456,-5.995,0.044,0.087,0.098,5,6
84.977,417,1,3.531,-5.858,3.489,-5.943,0.042,0.084,0.094,3,5
85.1808,418,1,3.561,-5.799,3.527,-5.906,0.034,0.107,0.113,1,9
85.3816,419,1,3.591,-5.729,3.532,-5.847,0.059,0.118,0.132,4,9
85.5819,420,1,3.621,-5.649,3.564,-5.768,0.057,0.119,0.132,3,9
85.7881,421,1,3.651,-5.56,3.589,-5.659,0.062,0.1,0.118,3,8
85.9953,422,1,3.681,-5.46,3.607,-5.597,0.074,0.137,0.155,4,15
86.2022,423,1,3.711,-5.351,3.643,-5.482,0.069,0.13,0.147,2,13
86.4092,424,1,3.741,-5.232,3.649,-5.376,0.092,0.143,0.17,5,14
86.6163,425,1,3.771,-5.105,3.668,-5.262,0.103,0.157,0.188,5,17
86.8225,426,1,3.801,-4.968,3.718,-5.141,0.083,0.173,0.192,1,18
87.0261,427,1,3.831,-4.822,3.733,-5.006,0.099,0.184,0.209,4,19
87.2422,428,1,3.861,-4.668,3.763,-4.835,0.099,0.166,0.193,4,18
87.4439,429,1,3.891,-4.506,3.786,-4.703,0.106,0.196,0.223,4,23
87.6449,430,1,3.922,-4.336,3.823,-4.553,0.098,0.217,0.238,2,25
87.845,431,1,3.952,-4.158,3.83,-4.387,0.121,0.229,0.259,6,25
88.0443,432,1,3.982,-3.973,3.865,-4.23,0.116,0.256,0.282,3,28
88.2483,433,1,4.012,-3.781,3.889,-4.031,0.123,0.25,0.278,4,27
88.4493,434,1,4.042,-3.582,3.921,-3.854,0.12,0.272,0.297,3,30
88.6485,435,1,4.072,-3.377,3.925,-3.671,0.147,0.293,0.328,6,32
88.849,436,1,4.102,-3.166,3.96,-3.473,0.142,0.307,0.338,3,32
89.0511,437,1,4.132,-2.95,3.986,-3.295,0.146,0.345,0.375,3,36
89.2572,438,1,4.162,-2.728,3.997,-3.104,0.165,0.376,0.41,5,37
89.4633,439,1,4.192,-2.502,4.013,-2.899,0.179,0.398,0.436,5,38
89.6676,440,1,4.222,-2.271,4.053,-2.687,0.169,0.416,0.449,3,39
89.8738,441,1,4.252,-2.036,4.067,-2.443,0.185,0.408,0.448,6,38
90.0808,442,1,4.282,-1.797,4.107,-2.232,0.175,0.435,0.469,3,41
90.2727,443,1,4.312,-1.555,4.134,-2.019,0.178,0.464,0.497,3,43
90.4783,444,1,4.342,-1.311,4.143,-1.785,0.2,0.474,0.514,6,42
90.6857,445,1,4.372,-1.064,4.159,-1.548,0.214,0.484,0.529,6,43
90.8921,446,1,4.402,-0.816,4.204,-1.298,0.198,0.482,0.521,2,43
91.1068,447,1,4.432,-0.566,4.212,-0.976,0.221,0.41,0.466,7,37
91.286,448,1,4.462,-0.315,4.219,-0.83,0.244,0.516,0.57,7,45
91.5078,449,1,4.492,-0.063,4.273,-0.516,0.219,0.453,0.503,2,40
91.711,450,1,4.523,0.189,4.304,-0.297,0.218,0.486,0.532,5,43
91.9123,451,1,4.553,0.44,4.311,-0.077,0.241,0.517,0.571,7,45
92.1091,452,1,4.583,0.691,4.355,0.136,0.227,0.555,0.599,4,45
92.316,453,1,4.613,0.94,4.39,0.35,0.223,0.591,0.631,3,45
92.5107,454,1,4.643,1.188,4.417,0.542,0.225,0.646,0.684,5,45
92.7151,455,1,4.673,1.434,4.438,0.767,0.235,0.667,0.707,5,45
92.9138,456,1,4.703,1.677,4.464,0.956,0.239,0.721,0.759,5,45
93.1159,457,1,4.733,1.917,4.486,1.195,0.247,0.722,0.763,5,45
93.3179,458,1,4.763,2.154,4.507,1.42,0.256,0.734,0.777,6,45
93.5248,459,1,4.793,2.387,4.542,1.654,0.251,0.733,0.775,4,45
93.7325,460,1,4.823,2.615,4.574,1.859,0.249,0.757,0.797,4,45
93.9356,461,1,4.853,2.84,4.581,2.09,0.272,0.75,0.798,7,45
94.1411,462,1,4.883,3.059,4.598,2.315,0.285,0.744,0.797,7,45
94.332,463,1,4.913,3.273,4.622,2.567,0.291,0.706,0.764,6,43
94.5389,464,1,4.943,3.481,4.665,2.81,0.278,0.67,0.726,5,41
94.744,465,1,4.973,3.683,4.707,3.04,0.266,0.642,0.695,5,40
94.9519,466,1,5.003,3.878,4.726,3.258,0.278,0.62,0.679,8,39
95.1591,467,1,5.033,4.067,4.72,3.442,0.314,0.624,0.699,11,40
95.3476,468,1,5.063,4.248,4.802,3.651,0.261,0.597,0.652,2,35
95.555,469,1,5.093,4.422,4.856,3.87,0.237,0.552,0.601,4,31
95.7786,470,1,5.124,4.588,4.834,4.149,0.289,0.439,0.526,13,23
95.9765,471,1,5.154,4.747,4.878,4.311,0.276,0.436,0.516,7,29
96.1766,472,1,5.184,4.896,4.971,4.481,0.212,0.415,0.466,0,27
96.3752,473,1,5.214,5.037,4.976,4.675,0.238,0.363,0.434,10,20
96.576,474,1,5.244,5.17,4.988,4.838,0.256,0.332,0.419,10,20
96.779,475,1,5.274,5.293,5.073,4.976,0.201,0.317,0.376,2,20
96.9753,476,1,5.304,5.407,5.147,5.125,0.156,0.282,0.323,1,16
97.1802,477,1,5.334,5.511,5.136,5.245,0.198,0.266,0.332,11,15
97.3817,478,1,5.364,5.606,5.16,5.369,0.204,0.237,0.313,8,13
97.5837,479,1,5.394,5.691,5.262,5.496,0.132,0.194,0.235,-1,9
97.7981,480,1,5.424,5.765,5.276,5.608,0.148,0.158,0.216,7,8
97.9904,481,1,5.454,5.83,5.295,5.676,0.16,0.154,0.222,8,9
98.195,482,1,5.484,5.884,5.341,5.742,0.143,0.143,0.202,4,7
98.4009,483,1,5.514,5.928,5.4,5.833,0.114,0.095,0.148,3,1
98.6061,484,1,5.544,5.962,5.427,5.875,0.117,0.087,0.146,6,3
98.812,485,1,5.574,5.985,5.468,5.896,0.106,0.089,0.139,4,4
99.0034,486,1,5.604,5.998,5.519,5.937,0.085,0.06,0.104,3,-2
99.2091,487,1,5.634,5.999,5.56,5.937,0.074,0.062,0.097,4,0
99.4177,488,1,5.664,5.991,5.594,5.939,0.071,0.052,0.088,4,-2
99.6248,489,1,5.694,5.972,5.635,5.924,0.06,0.048,0.077,3,-3
99.8408,490,1,5.725,5.942,5.677,5.897,0.048,0.045,0.066,3,-4
100.0241,491,1,5.755,5.902,5.702,5.884,0.052,0.018,0.055,5,-7
100.2421,492,1,5.785,5.852,5.762,5.81,0.023,0.042,0.047,1,-4
100.443,493,1,5.815,5.791,5.795,5.769,0.02,0.022,0.03,3,-8
100.644,494,1,5.845,5.72,5.814,5.711,0.031,0.009,0.032,5,-10
100.8501,495,1,5.875,5.639,5.863,5.657,0.012,-0.018,0.022,2,-12
101.0567,496,1,5.905,5.548,5.911,5.541,-0.006,0.007,0.009,1,-7
101.2646,497,1,5.935,5.447,5.936,5.45,-0.001,-0.002,0.003,3,-11
101.4567,498,1,5.965,5.337,5.964,5.398,0.001,-0.061,0.061,4,-19
101.6635,499,1,5.995,5.217,6.022,5.279,-0.027,-0.062,0.068,0,-14
101.8707,500,1,6.025,5.088,6.042,5.144,-0.017,-0.056,0.058,3,-13
102.079,501,1,6.055,4.95,6.083,5.026,-0.028,-0.076,0.081,2,-18
102.2842,502,1,6.085,4.804,6.133,4.898,-0.048,-0.094,0.106,1,-19
102.4863,503,1,6.115,4.649,6.155,4.784,-0.04,-0.136,0.141,3,-23
102.6908,504,1,6.145,4.485,6.195,4.649,-0.05,-0.164,0.171,2,-23
102.8797,505,1,6.175,4.314,6.247,4.475,-0.071,-0.161,0.176,-1,-21
103.0902,506,1,6.205,4.136,6.26,4.328,-0.055,-0.192,0.2,4,-26
103.3055,507,1,6.235,3.95,6.318,4.134,-0.083,-0.185,0.202,0,-24
103.5085,508,1,6.265,3.757,6.341,3.964,-0.075,-0.207,0.22,2,-26
103.708,509,1,6.295,3.557,6.374,3.806,-0.078,-0.249,0.261,3,-31
103.9117,510,1,6.326,3.351,6.419,3.643,-0.093,-0.292,0.306,0,-32
104.1087,511,1,6.356,3.14,6.453,3.45,-0.098,-0.31,0.325,1,-31
104.3126,512,1,6.386,2.922,6.479,3.271,-0.093,-0.349,0.361,2,-35
104.5084,513,1,6.416,2.7,6.514,3.083,-0.098,-0.383,0.396,2,-36
104.7138,514,1,6.446,2.473,6.567,2.873,-0.122,-0.4,0.418,-1,-35
104.915,515,1,6.476,2.241,6.598,2.685,-0.123,-0.443,0.46,1,-39
105.1131,516,1,6.506,2.006,6.63,2.469,-0.125,-0.463,0.479,2,-39
105.3187,517,1,6.536,1.767,6.666,2.271,-0.13,-0.504,0.521,1,-42
105.5258,518,1,6.566,1.525,6.703,2.061,-0.137,-0.536,0.553,1,-43
105.7329,519,1,6.596,1.28,6.736,1.855,-0.14,-0.574,0.591,1,-45
105.9248,520,1,6.626,1.033,6.766,1.653,-0.14,-0.62,0.636,1,-45
106.1329,521,1,6.656,0.784,6.795,1.472,-0.139,-0.687,0.701,2,-45
106.3408,522,1,6.686,0.534,6.832,1.301,-0.146,-0.767,0.781,1,-45
106.5459,523,1,6.716,0.283,6.865,1.14,-0.149,-0.856,0.869,1,-45
106.7383,524,1,6.746,0.031,6.895,0.94,-0.149,-0.908,0.92,1,-45
106.9461,525,1,6.776,-0.22,6.926,0.77,-0.15,-0.99,1.001,2,-45
107.1529,526,1,6.806,-0.472,6.973,0.519,-0.167,-0.991,1.005,-1,-45
107.3717,527,1,6.836,-0.722,7.006,0.238,-0.17,-0.96,0.975,-1,-45
107.5741,528,1,6.866,-0.971,7.021,-0.017,-0.154,-0.955,0.967,3,-45
107.7535,529,1,6.896,-1.219,7.058,-0.168,-0.161,-1.051,1.063,2,-45
107.9727,530,1,6.927,-1.464,7.124,-0.521,-0.197,-0.943,0.963,-4,-45
108.1745,531,1,6.957,-1.707,7.129,-0.753,-0.172,-0.954,0.969,1,-45
108.3749,532,1,6.987,-1.947,7.164,-1.001,-0.178,-0.945,0.962,2,-45
108.579,533,1,7.017,-2.183,7.202,-1.268,-0.185,-0.915,0.934,-2,-45
108.7767,534,1,7.047,-2.415,7.221,-1.474,-0.175,-0.942,0.958,2,-45
108.9791,535,1,7.077,-2.644,7.256,-1.715,-0.18,-0.929,0.946,0,-45
109.1803,536,1,7.107,-2.867,7.287,-1.964,-0.18,-0.903,0.921,-1,-45
109.3794,537,1,7.137,-3.086,7.31,-2.2,-0.173,-0.886,0.902,0,-45
109.5818,538,1,7.167,-3.299,7.34,-2.463,-0.173,-0.836,0.854,-1,-45
109.79,539,1,7.197,-3.506,7.366,-2.695,-0.169,-0.811,0.828,-1,-45
109.9971,540,1,7.227,-3.707,7.386,-2.92,-0.159,-0.788,0.804,0,-45
110.2025,541,1,7.257,-3.902,7.414,-3.169,-0.157,-0.733,0.749,-1,-42
110.4084,542,1,7.287,-4.09,7.438,-3.415,-0.151,-0.675,0.691,-1,-39
110.5983,543,1,7.317,-4.27,7.462,-3.655,-0.145,-0.615,0.632,-1,-37
110.8055,544,1,7.347,-4.443,7.478,-3.893,-0.131,-0.55,0.565,0,-33
111.0135,545,1,7.377,-4.609,7.512,-4.133,-0.134,-0.475,0.494,-2,-29
111.2233,546,1,7.407,-4.766,7.512,-4.325,-0.104,-0.441,0.453,2,-30
111.4409,547,1,7.437,-4.914,7.551,-4.586,-0.114,-0.328,0.348,-2,-20
111.6379,548,1,7.467,-5.054,7.577,-4.759,-0.11,-0.296,0.315,-1,-23
111.8444,549,1,7.497,-5.186,7.573,-4.899,-0.076,-0.287,0.297,4,-25
112.0467,550,1,7.528,-5.308,7.618,-5.085,-0.091,-0.223,0.241,-2,-16
112.2421,551,1,7.558,-5.42,7.639,-5.228,-0.081,-0.193,0.209,-1,-16
112.4458,552,1,7.588,-5.524,7.64,-5.342,-0.052,-0.181,0.189,4,-18
112.6469,553,1,7.618,-5.617,7.677,-5.494,-0.059,-0.123,0.137,-1,-11
112.8474,554,1,7.648,-5.7,7.696,-5.626,-0.048,-0.075,0.089,0,-8
113.0512,555,1,7.678,-5.774,7.714,-5.69,-0.037,-0.084,0.092,3,-13
113.2593,556,1,7.708,-5.837,7.741,-5.804,-0.033,-0.033,0.047,1,-5
113.4674,557,1,7.738,-5.89,7.764,-5.89,-0.026,-0.0,0.026,1,-3
113.6594,558,1,7.768,-5.933,7.776,-5.914,-0.008,-0.019,0.02,4,-8
113.8671,559,1,7.798,-5.965,7.823,-5.974,-0.025,0.009,0.027,0,-2
114.0742,560,1,7.828,-5.987,7.834,-6.035,-0.006,0.048,0.048,2,2
114.2805,561,1,7.858,-5.998,7.848,-6.026,0.01,0.027,0.029,4,-3
114.4722,562,1,7.888,-5.999,7.893,-6.03,-0.005,0.031,0.032,1,0
114.6793,563,1,7.918,-5.989,7.911,-6.04,0.007,0.051,0.052,2,4
114.8847,564,1,7.948,-5.969,7.931,-6.025,0.017,0.057,0.059,3,3
115.104,565,1,7.978,-5.938,7.966,-5.976,0.012,0.038,0.04,2,2
115.3091,566,1,8.008,-5.896,7.976,-5.962,0.032,0.065,0.073,4,8
115.4909,567,1,8.038,-5.845,7.989,-5.925,0.05,0.081,0.095,4,9
115.7055,568,1,8.068,-5.782,7.915,-5.856,0.154,0.073,0.17,13,7
115.8951,569,1,8.098,-5.71,7.93,-5.79,0.168,0.08,0.187,8,9
116.1071,570,1,8.129,-5.628,8.042,-5.702,0.086,0.075,0.114,-2,10
116.3111,571,1,8.159,-5.536,8.052,-5.641,0.106,0.105,0.15,6,14
116.5088,572,1,8.189,-5.434,8.075,-5.529,0.114,0.095,0.148,8,11
116.7127,573,1,8.219,-5.322,8.12,-5.39,0.099,0.067,0.119,4,10
116.9137,574,1,8.249,-5.201,8.17,-5.263,0.079,0.062,0.1,3,13
117.1128,575,1,8.279,-5.071,8.191,-5.199,0.088,0.128,0.155,5,22
117.3278,576,1,8.309,-4.932,8.224,-5.061,0.085,0.128,0.154,5,18
117.5186,577,1,8.339,-4.785,8.266,-4.914,0.073,0.129,0.149,4,17
117.7259,578,1,8.369,-4.629,8.291,-4.747,0.078,0.119,0.142,5,18
117.9298,579,1,8.399,-4.464,8.322,-4.614,0.077,0.149,0.168,4,23
118.1356,580,1,8.429,-4.292,8.348,-4.489,0.081,0.197,0.213,4,27
118.3414,581,1,8.459,-4.113,8.368,-4.3,0.091,0.188,0.209,6,22
118.5475,582,1,8.489,-3.926,8.392,-4.11,0.097,0.184,0.208,6,23
118.7386,583,1,8.519,-3.732,8.439,-3.961,0.081,0.229,0.242,3,30
118.9453,584,1,8.549,-3.532,8.462,-3.765,0.087,0.233,0.248,5,28
119.1519,585,1,8.579,-3.325,8.484,-3.538,0.095,0.212,0.233,6,25
119.3569,586,1,8.609,-3.113,8.515,-3.366,0.094,0.253,0.27,5,32
119.5737,587,1,8.639,-2.895,8.561,-3.115,0.078,0.22,0.233,3,27
119.776,588,1,8.669,-2.672,8.567,-2.924,0.103,0.252,0.273,7,32
119.9758,589,1,8.699,-2.444,8.597,-2.736,0.102,0.291,0.309,5,36
120.1745,590,1,8.73,-2.212,8.618,-2.51,0.112,0.297,0.318,6,33
120.3751,591,1,8.76,-1.976,8.645,-2.305,0.114,0.329,0.348,5,36
120.5785,592,1,8.79,-1.737,8.693,-2.063,0.096,0.326,0.34,3,34
120.7806,593,1,8.82,-1.495,8.7,-1.831,0.12,0.337,0.357,7,36
120.9769,594,1,8.85,-1.25,8.725,-1.621,0.125,0.371,0.392,6,39
121.1792,595,1,8.88,-1.002,8.752,-1.382,0.128,0.38,0.401,5,38
121.3781,596,1,8.91,-0.753,8.782,-1.124,0.128,0.371,0.392,5,37
121.5887,597,1,8.94,-0.503,8.801,-0.898,0.139,0.395,0.418,6,40
121.7928,598,1,8.97,-0.252,8.819,-0.667,0.151,0.415,0.442,6,41
121.9991,599,1,9.0,-0.0,8.848,-0.442,0.152,0.442,0.468,3,-24
122.1907,599,1,9.0,-0.0,8.876,-0.222,0.124,0.222,0.254,2,-32
122.3974,599,1,9.0,-0.0,8.863,-0.158,0.137,0.158,0.209,5,-22
122.6055,599,1,9.0,-0.0,8.901,-0.223,0.099,0.223,0.244,0,-11
122.8119,599,1,9.0,-0.0,8.945,-0.391,0.055,0.391,0.395,-4,-3
123.0169,599,1,9.0,-0.0,8.934,-0.45,0.066,0.45,0.455,2,-12
123.2089,599,1,9.0,-0.0,8.943,-0.485,0.057,0.485,0.488,2,-15
123.4147,599,1,9.0,-0.0,8.972,-0.602,0.028,0.602,0.603,-4,-2
123.6187,599,1,9.0,-0.0,8.956,-0.684,0.044,0.684,0.685,0,-1
123.8388,599,1,9.0,-0.0,8.954,-0.698,0.046,0.698,0.7,1,-8
124.0385,599,1,9.0,-0.0,8.962,-0.76,0.038,0.76,0.761,-2,-1
124.2242,599,1,9.0,-0.0,8.954,-0.792,0.046,0.792,0.794,0,0
124.4405,599,1,9.0,-0.0,8.947,-0.801,0.053,0.801,0.803,1,-3
124.6416,599,1,9.0,-0.0,8.954,-0.822,0.046,0.822,0.823,-1,0
124.8433,599,1,9.0,-0.0,8.95,-0.828,0.05,0.828,0.829,0,0
125.0445,599,1,9.0,-0.0,8.954,-0.826,0.046,0.826,0.827,-1,-1
125.2475,599,1,9.0,-0.0,8.947,-0.84,0.053,0.84,0.842,0,1
125.4459,599,1,9.0,-0.0,8.945,-0.836,0.055,0.836,0.838,0,0
125.6469,599,1,9.0,-0.0,8.947,-0.834,0.053,0.834,0.835,-1,-1
125.8521,599,1,9.0,-0.0,8.938,-0.841,0.062,0.841,0.843,0,1
126.056,599,1,9.0,-0.0,8.931,-0.835,0.069,0.835,0.837,1,-1
126.262,599,1,9.0,-0.0,8.939,-0.843,0.061,0.843,0.845,-1,1
126.4679,599,1,9.0,-0.0,8.936,-0.84,0.064,0.84,0.843,0,0
126.6722,599,1,9.0,-0.0,8.94,-0.837,0.06,0.837,0.84,0,-1
126.8781,599,1,9.0,-0.0,8.936,-0.843,0.064,0.843,0.845,0,1
127.0848,599,1,9.0,-0.0,8.936,-0.841,0.064,0.841,0.843,0,0
127.2927,599,1,9.0,-0.0,8.934,-0.837,0.066,0.837,0.839,0,-1
127.5064,599,1,9.0,-0.0,8.938,-0.845,0.062,0.845,0.847,-1,1
127.7064,599,1,9.0,-0.0,8.927,-0.838,0.073,0.838,0.841,1,-1
127.9079,599,1,9.0,-0.0,8.927,-0.849,0.073,0.849,0.852,0,1
128.1109,599,1,9.0,-0.0,8.926,-0.846,0.074,0.846,0.849,0,0
